address,comments_num,five,four,name,one,price,three,two
西直门外大街1号凯德MALL6楼,15549,9745,4259,将太无二(凯德MALL店),209,149,1139,197
中关村大街27号中关村大厦2层(地铁海淀黄庄站北),13331,4191,4271,眉州东坡(中关村店),215,75,1432,201
朝阳北路101号朝阳大悦城7层,11983,9098,2043,西贝莜面村(朝阳大悦城店),143,90,569,130
崇文门外大街18号国瑞城购物中心3层,10531,5702,3312,南京大牌档(崇文门国瑞店),210,63,1083,224
东三环南路48号(地铁双井站C口南),9690,4695,3061,双流老妈兔头(双井店),289,97,962,187
恩济庄18号院(近定慧北里),8899,7458,874,郁陵岛炭火烤肉(恩济庄店),46,80,210,28
湖景东路9号新奥购物中心B1层,8592,3957,2961,边境东南亚小吃(新奥店),178,77,1219,277
成府路28号五道口购物中心6楼,8223,5766,1684,局气(五道口购物中心店),118,90,545,110
"金融街金城坊街7-1号(光大银行南侧,金融购物中心北面，锦什坊街西侧)",7904,6597,814,汤城小厨(金融街店),106,96,309,58
酒仙桥路18号颐堤港购物中心-L173商(星巴克对面),7537,5251,1729,TIAGO HOME KITCHEN(颐堤港店),83,187,402,72
三丰北里2号悠唐购物中心5层,7294,3551,2243,绿茶(悠唐购物中心店),343,67,892,265
建国路91号金地广场C座3层,7151,5196,1334,局气(金地广场店),101,94,432,88
西单北大街133号君太百货B1楼(近长安街),6950,4088,1722,鼎泰丰(君太百货店),142,132,816,181
东直门外大街42号宇飞大厦2层(东方银座往东200米),6730,4251,1662,串亭(东直门店),157,103,510,150
前门大街38号(大栅栏东口),6444,1524,1883,都一处烧麦馆(前门店),522,78,1512,426
工体东门正对面中国红街(美林大厦东侧底商),6257,3270,1821,妈妈的味道(三里屯店),184,65,792,190
东交民巷2号新侨饭店二、三楼(同仁医院、北京医院),6084,3409,1352,唐宫海鲜舫(新侨店),157,158,459,111
朝阳北路101号朝阳大悦城6层,5950,2969,1757,外婆家(朝阳大悦城店),353,64,671,200
朝阳公园路6号蓝色港湾国际商区1F层DS-10室,5831,2816,1549,饭前饭后(蓝色港湾店),269,99,926,270
东四环中路58号远洋未来汇F座1层,5713,3796,1380,兔爷(远洋未来店),74,91,395,68
颐和园路1号北大资源燕园宾馆北配楼(北京大学小西门外),5576,2431,1655,何贤记(中关村店),101,74,705,144
西直门外大街1号凯德MALL6楼(近北京北站),5487,2838,1617,望湘园(西直门店),144,79,736,152
安定门内大街分司厅胡同5号(方家胡同西口对面),5402,2143,1886,张妈妈特色川味馆(安定门店),327,49,802,236
三丰北里2号悠唐购物中心B1层B09A号,5290,2338,1580,草本工坊(悠唐店),256,84,880,236
新源西里东街甲10号新源西里社区,5168,2179,1174,暹罗泰(新源西里店),60,202,294,56
和平里中街17号天元和平商业大厦1楼(近和平里西街),5073,2539,1607,丝路印象新疆餐厅(和平里店),127,71,654,146
右安门内大街17号(牛街南口公交站、工商银行、回民医院),4986,3342,1227,聚宝源(牛街南口店),115,107,263,39
海淀区车道沟10号(西三环紫竹桥往西1000米),4929,3390,679,汉拿山(紫竹桥),87,75,281,90
三丰北里3号悠唐皇冠假日酒店6层,4808,2929,1275,悠唐皇冠假日酒店C6咖啡厅,75,176,433,96
廊房二条82号(近前门大栅栏),4654,706,800,陈记卤煮小肠(廊房二条店),50,23,339,58
中关村南大街11号(百花苑商务大厦B座，光大国信大厦旁),4675,2760,1314,站点比萨(魏公村店),127,85,395,79
address,comments_num,five,four,name,one,price,three,two
东交民巷2号新侨饭店二、三楼(同仁医院、北京医院),6084,3409,1352,唐宫海鲜舫(新侨店),157,158,459,111
朝阳北路101号朝阳大悦城6层,5950,2969,1757,外婆家(朝阳大悦城店),353,64,671,200
朝阳公园路6号蓝色港湾国际商区1F层DS-10室,5831,2816,1549,饭前饭后(蓝色港湾店),269,99,926,270
东四环中路58号远洋未来汇F座1层,5713,3796,1380,兔爷(远洋未来店),74,91,395,68
颐和园路1号北大资源燕园宾馆北配楼(北京大学小西门外),5576,2431,1655,何贤记(中关村店),101,74,705,144
西直门外大街1号凯德MALL6楼(近北京北站),5487,2838,1617,望湘园(西直门店),144,79,736,152
安定门内大街分司厅胡同5号(方家胡同西口对面),5402,2143,1886,张妈妈特色川味馆(安定门店),327,49,802,236
三丰北里2号悠唐购物中心B1层B09A号,5290,2338,1580,草本工坊(悠唐店),256,84,880,236
新源西里东街甲10号新源西里社区,5168,2179,1174,暹罗泰(新源西里店),60,202,294,56
和平里中街17号天元和平商业大厦1楼(近和平里西街),5073,2539,1607,丝路印象新疆餐厅(和平里店),127,71,654,146
右安门内大街17号(牛街南口公交站、工商银行、回民医院),4986,3342,1227,聚宝源(牛街南口店),115,107,263,39
三丰北里3号悠唐皇冠假日酒店6层,4808,2929,1275,悠唐皇冠假日酒店C6咖啡厅,75,176,433,96
阜通西大街望京西园四区416号楼底商(交通银行旁),4736,2737,1362,芝湖参鸡汤,51,70,499,87
廊房二条82号(近前门大栅栏),4654,706,800,陈记卤煮小肠(廊房二条店),50,23,339,58
东打磨厂街7号新世界女子百货3楼(祈年殿大街口),4579,2078,1619,黑松白鹿(新世界女子百货店),164,223,587,131
团结湖路48号(团结湖公园东门对面南侧),4522,2340,1216,紫光园(团结湖店),98,64,524,121
车公庄西路18号(中国船舶对面),4524,2177,1269,大鸭梨烤鸭店(花园村店),215,76,594,161
花园东路11号泰兴大厦2楼九妙坊酒楼,4525,2395,1385,九妙坊·鱼头泡饼(牡丹园店),141,137,477,127
欣宁街15号荟聚购物中心H区3层,4529,2579,1115,巴依老爷新疆美食(西红门宜家店),179,75,504,152
玉渊潭南路凯迪拉克中心北门对面瑞丰园美食新天地二楼(西临蓝色港湾购物中心),4544,3431,718,和合四季椰子鸡火锅(五棵松店),81,116,248,66
前门廊坊二条8号(近前门商业街),4531,2742,1276,四季民福炸酱面馆(前门廊坊二条店),72,58,380,60
王府井大街i88百货八层(近王府井教堂),4549,3031,1183,海底捞火锅(王府井in88店),68,114,228,39
欣宁街15号荟聚购物中心G区3层3号,4538,3169,827,苗乡楼贵州味道(荟聚西红门店),114,110,328,100
北土城东路元大都遗址公园6号(地铁惠新西街南口站C口东侧),4555,2698,1313,大同江朝鲜料理,69,180,403,72
中关村东路118号北三环联想桥金五星服装市场东北角(苏宁电器东侧),4560,2224,1612,巴依老爷新疆美食(中关村店),127,82,474,86
朝阳北路225号京龙大厦2楼(近呼家楼地铁站),4562,2004,1181,松子日本料理(朝阳北路店),53,165,346,46
常营中路民族家园综合楼13号,4570,2832,1110,紫光园(常营店),108,69,386,88
前门东大街甲2号(祈年大街北口),4566,1708,1366,功德林素菜饭庄(前门东大街店),98,103,702,112
东四环中路56号未来汇购物中心E座1层-AF1-01(东四环中路慈云寺桥东北角，远洋国际商务中心北面),4575,3662,673,汤城小厨(慈云寺桥店),52,93,153,35
东三环东方东路19号DRC外交办公大楼B1层(官舍南区，近燕莎桥),4576,2057,1461,港真茶餐厅(亮马桥店),220,98,652,186
西直门外大街乙143号(近家乐福),4583,1118,1507,豪尚豪牛排馆(白石桥店),113,61,941,139
复兴路51号凯德晶品购物中心LG层,4591,3247,816,禾绿回转寿司(凯德晶品购物中心店),78,98,361,89
望京街9号望京新城B区望京国际商业中心E座4层,4599,2123,1116,海底捞火锅(望京国际商业中心店),35,109,198,29
东直门内大街5—6号(簋街东直门桥向西120米),4611,3250,908,北平三兄弟涮肉(簋街店),69,116,242,65
"中关村大街40号当代商城7层(人民大学对面,地铁4号线人民大学站A2出口向北200米)",4612,3193,944,西贝莜面村(当代店),83,87,313,79
复兴路51号凯德晶品购物中心3层(近时时乐、太兴、南京大牌档),4615,2805,1183,南锣肥猫烤鱼(凯德晶品店),107,112,423,97
鼓楼东大街238号,4615,2757,1288,熊也牛店(鼓楼店),69,157,397,104
红庙延静西里2号东华商大厦二层,4614,2234,875,海底捞火锅(红庙店),64,115,187,23
车公庄大街9号院五栋大楼C座1楼(近官批),4613,2537,1336,丝路印象新疆餐厅(车公庄店),127,77,479,134
白家庄路甲2号,4622,2489,1012,海底捞火锅(白家庄店),65,116,216,36
北洼路30号天顺仁和写字楼A座二层,4626,3429,751,京味斋烤鸭店(北洼路店),107,89,266,73
中关村大街15-9号一层R107,4625,1220,1770,鹿港小镇(中关村店),108,92,835,136
朝阳北路长楹天街购物中心西区4层,4630,2408,1195,绿茶(长楹天街购物中心店),325,69,541,161
王府井大街138号北京apmB区5层501-503,4646,2256,1475,青柠泰餐厅(北京apm店),141,110,600,174
神路街39号日坛上街3层92-93商铺(日坛北门),4652,2799,1317,派悦坊(日坛店),93,130,364,79
新华西街58号万达广场1号楼4016店铺,4654,3548,733,西贝莜面村(通州万达店),84,91,236,53
护国寺街110号(近新街口南大街),4657,2945,1145,管氏翅吧(护国寺店),57,68,390,66
五道口成府路29号国际食尚苑1期3层-4，华联购物广场对面(五道口电影院向西300米日昌餐馆三层),4673,3852,610,椒鸣椒麻小馆(五道口店),31,65,149,31
中关村南大街11号(百花苑商务大厦B座，光大国信大厦旁),4675,2760,1314,站点比萨(魏公村店),127,85,395,79
工人体育场北门,4679,2660,1295,烧虾师(工体店),170,183,429,125
马家堡西路15号时代风帆大厦北侧商用楼3层(地铁四号或十号线角门西站 A口出即到),4679,3172,957,时代风帆海鲜自助餐厅(角门西店),129,206,327,94
太仆寺街23号(府右街宾馆西侧),4684,2200,1451,8号苑秘制火锅(西单店),75,73,638,108
光华路9号世贸天阶北街B1层,4703,2063,1530,草本工坊(世贸天阶店),198,92,745,166
成府路29号五道口国际美食苑2层,4706,1734,1357,明洞邦韩国料理(总店),242,79,775,190
晋元桥东南角(靠近锦绣大地商务在线),4725,3620,811,九十九顶毡房(阜石路店),81,204,174,39
七圣中街12号院爱琴海购物公园4层(近地铁13号线光熙门站),4727,2873,1204,青年餐厅(爱琴海购物公园店),93,70,456,101
北四环东路73号远洋未来广场6层,4728,3467,895,辣尚瘾(远洋未来广场店),66,81,239,61
复兴路乙11号梅地亚中心1楼(军事博物馆站地铁1号线A口和9号线E口出),4718,3002,1229,唇度 Le château厚烤牛排酒堡,45,179,362,80
前门大街143号2层,4737,2074,1174,东来顺(前门大街店),386,143,812,288
天坛路55-1号(红桥路口),4746,2938,1262,大碗居(红桥店),84,86,387,75
中关村大街19号新中关购物中心4楼,4757,2379,1392,火炉火分米套餐&芝士排骨(新中关店),213,78,613,160
西坝河光熙门北里15号重庆饭店1楼(近老国展),4774,1097,974,黑松白鹿(西坝河店),78,173,422,73
成府路28号五道口购物中心6楼(五道口地铁旁100米),4775,2377,1452,两千斤川料·酒馆(五道口购物中心店),180,95,619,147
复兴路五棵松地铁西北口西行500米,4778,921,1252,林静小吃,332,36,901,273
东四十条22号南新仓文化街内13号,4785,2806,965,饭前饭后(东四店),93,96,471,95
西单北大街110号老佛爷百货5楼,4794,3495,837,热辣壹号(西单老佛爷店),81,127,287,94
朝阳北路101号朝阳大悦城7层,4799,3071,1016,望湘园(朝北大悦城店),147,82,450,115
朝阳北路101号朝阳大悦城6F-02(近草本工坊),4800,3069,1117,一笼小确幸(北京朝阳大悦城店),113,83,398,103
中关村大街新中关大厦4层,4800,2587,1308,汉拿山(新中关店),216,90,547,141
香饵胡同东口好利来蛋糕店进胡同30米(北新桥地铁D口出往南100米),4800,3441,1030,胖妹面庄,62,37,210,57
鼓楼西大街80号,4807,984,1361,王胖子驴肉火烧(鼓楼店),40,23,435,44
太阳宫七圣中街12号院爱琴海购物中心5层F5011-A(近地铁13号线光熙门站),4831,3072,1305,站点比萨(爱琴海购物公园店),69,83,326,59
东三环中路39号 建外SOHO4号楼2层-0410室(婕妮璐超市隔壁),4841,1383,1449,祖母的厨房(建外SOHO店),112,98,816,144
王府井大街138号北京apmB区5层507-508,4851,2638,1485,港丽餐厅(apm店),119,114,476,133
西单北大街110号老佛爷百货5F,4856,2501,1284,绿茶餐厅(西单老佛爷店),331,69,563,177
立汤路186号龙德广场5层,4882,2387,1385,青年餐厅(龙德广场店),241,80,699,170
西单北大街131号西单大悦城7层,4918,3173,1149,西树泡芙(西单大悦城店),66,21,440,90
中关村大街40号当代商城7楼,4924,3880,667,雕爷牛腩(当代商城店),74,165,245,58
欣宁街15号荟聚购物中心G区3层,4924,2953,1155,江边城外烤全鱼(荟聚购物中心西红门店),221,89,451,144
荣华中路8号院华联力宝购物中心4层,4925,3029,1308,南京大牌档(亦庄华联店),103,64,398,87
新源西里中街18号渔阳饭店正门旁一层河畔花园内,4930,3809,760,和彩放题(渔阳店),105,393,209,47
花园北路44号贯通大厦2楼(近北医三院),4948,3684,772,京味斋烤鸭店(花园北路店),99,76,303,52
慈云寺桥向东500米路南(住邦2000大厦向东到如家酒店旁),4948,2436,1539,很久以前羊肉串(朝阳店),157,99,672,144
东三环白家庄乙22号-1(团结湖/朝阳公园/三里屯),4950,1495,1004,松子日本料理(白家庄店),51,149,355,43
阜通东大街6号院方恒购物中心3层,4955,3173,1018,唐宫海鲜舫(方恒购物中心店),124,127,403,105
朝阳公园路6号蓝色港湾国际商区北街中段,4959,3276,1180,韩时烤肉(朝阳蓝色港湾店),88,98,353,62
旧宫东西大街住总万科广场4层L4001-4002号,4961,4531,293,玛雅铁板烧餐厅(旧宫万科店),28,119,86,23
雅成一里19号楼世丰国际大厦2层(近朝阳大悦城),4973,2763,1325,全聚德(朝阳北路店),182,151,553,150
朝阳北路101号朝阳大悦城6层(青年路口),4963,2206,1598,草本工坊(朝阳大悦城店),178,89,786,195
雍和宫大街58号,4982,3366,1183,鲍师傅糕点(雍和宫3店),40,32,342,48
鼓楼南大街4号红云楼2层,679,507,87,比格比萨(密云店),15,61,53,10
马甸裕民路3号,5016,2797,1228,金百万烤鸭店(马甸店),182,79,486,115
南三环西路16号凯德mall.大峡谷4层(近金鼎轩南北点心店),5021,3079,1347,南京大牌档(大峡谷凯德店),116,65,397,82
石景山路22号(近万商大厦),5026,2224,1216,眉州东坡(石景山店),113,80,414,87
百子湾路37号(双井京粮大厦北侧对面),5036,3095,1296,黄门老灶火锅(双井旗舰店),119,133,421,105
西直门外大街1号凯德MALL5楼,5039,3104,1196,小牛牛韩式水煎肉(西直门凯德MALL店),160,86,462,117
北太平庄桥2号有研大厦B座(城建大厦对面),5059,2701,1627,站点比萨(北太平庄餐厅),80,80,463,77
南三环西路16号凯德mall.大峡谷4层(近麻里麻里麻辣香锅),5061,3749,733,禾绿回转寿司(凯德mall大峡谷店),110,90,365,104
三里屯北路19号三里屯太古里北区B1层,5065,2424,1924,Let’sBURGERplus(三里屯店),61,162,521,54
湖景东路11号新奥购物中心H1层(新奥购物中心地下一层H1-61号纽约客餐厅，近MRT奥林匹克公园站D口),5067,3771,816,纽约客美式餐厅(新奥购物中心店),76,124,309,95
华远街置地星座9号楼下层广场(中国银行总行西北角),5069,2480,960,王品牛排(北京西单店),34,367,225,45
永内东街东里13号楼-1-2号(天坛公园门口),5062,1687,1453,宏源南门涮肉(天坛店),50,87,396,60
曙光西里甲5号院凤凰汇购物中心2层,5087,4384,467,潮堂(凤凰汇购物中心店),36,125,159,41
远大路1号世纪金源购物中心5楼(近长春桥),5087,2494,1620,黑鸡小馆(世纪金源购物中心店),180,87,640,153
清河中街68号华润五彩城购物中心东区5层,5108,2514,1513,外婆家(华润五彩城购物中心店),307,59,568,206
四方桥金蝉西路酷车小镇食街(近欢乐谷),5107,3817,890,木屋烧烤(北京欢乐谷店),72,82,279,49
农大南路1号硅谷亮城1号楼BHG Mall北京华联上地购物中心4层(北京上地华联商厦4层东侧),5124,3603,924,汉拿山(北京华联农大南路店),134,95,335,85
龙湖·长楹天街东区4层-04号,5128,3062,1285,UNCLE 5(龙湖·长楹天街店),192,73,472,117
三里屯北路19号三里屯太古里南区1层S9-10,5132,2059,1826,桃园眷村(三里屯店),180,37,903,164
东直门内大街5号(来福士大厦北面),5132,3143,1313,粗粮人家(簋街店),122,71,445,109
东三环北路甲26号高和萃2层,5148,2770,1609,烹然四季椰子鸡火锅(高和萃东三环北路店),112,142,537,120
海户西里2号楼3层(近猫抓火锅),5147,3090,1403,猫抓烤肉(洋桥店),100,103,441,113
阜通东大街59号宜家家居1楼(四元桥西北侧),5159,944,1765,宜家瑞典食品屋(四元桥店),29,35,858,81
崇文门外大街18号国瑞购物中心3层,5165,3004,1199,松本楼日式烧肉(国瑞购物中心店),251,273,514,196
酒仙桥路18号颐堤港2层(将台地铁站),5174,2720,1493,青柠泰餐厅(颐堤港店),177,122,613,171
中关村南大街2号华宇时尚购物中心夹层(友谊宾馆对面),5162,3991,903,重八牛府(小刀牛试店),51,94,181,36
慧忠北路慧忠里123号楼(飘亮广场西100米路北),5184,2628,1473,江边城外烤全鱼(亚运村店),168,85,443,120
北三环西路48号北京科技会展中心1楼(近双安商场),5190,3596,807,禾绿回转寿司(双安店),94,85,428,102
朝阳北路101号朝阳大悦城7层,5192,3061,1243,新辣道鱼火锅(朝阳大悦城店),177,109,551,160
三里屯路33号3.3大厦3006商铺,5193,3515,1084,辣府(三里屯店),152,156,354,88
太阳宫芍药居甲3号(近经贸大学东门),5209,3186,1451,辣尚瘾(芍药居店),95,75,408,69
清河中街68号华润五彩城购物中心西区4层,5210,4018,823,潮粥荟· 潮汕砂锅粥(华润五彩城购物中心店),58,87,235,76
西单北大街110号老佛爷百货5楼(雕爷牛腩),5213,2636,1603,乌巢比萨主义主题餐厅(老佛爷百货店),126,97,662,186
王府井大街138号北京apm5层510,5255,3863,1010,西堤厚牛排(北京王府井店),55,162,260,67
麦子店街38号北京三全公寓(亮马花卉市场东边),5257,4363,593,苏泰辣椒(亮马店),44,205,175,40
东三环中路7号财富购物中心1层,5262,2277,1595,绿茶(财富购物中心店),400,65,760,230
西单北大街110号老佛爷百货5楼,5287,2693,1830,云海肴云南菜(老佛爷百货店),85,95,552,127
西三环北路21号久凌大厦北楼二层（北外东门往南100米,5194,4633,401,第六季自助餐厅(西三环店),46,249,88,26
德胜门内大街东明胡同甲2号(宋庆龄故居对面),5309,1513,1170,孔乙己(后海店),144,125,439,106
西单北大街110号 老佛爷百货4层(近灵境胡同),5308,2181,1684,西贡在巴黎(老佛爷店),221,98,939,283
王庄路33号东王庄小区33号楼1楼(近清华东路),5314,1770,1925,火炉火(五道口店),230,80,723,168
定慧北里23号蓝宏中心1-2层,5305,3321,1375,三样菜(阜成路店),148,118,368,93
彩和坊路208号(天创科技大厦2层),5322,2852,1607,管氏翅吧(中关村店),147,74,559,104
朝阳北路101号朝阳大悦城5层5F-50(新区悦界中庭),5327,3463,1377,TIAGO HOME KITCHEN(朝阳大悦城店),54,193,363,70
香山买卖街东口(近香山5号停车场商业配套楼),5334,3307,1450,小吊梨汤(香山店),81,83,412,83
樱花东路元大都酒吧街西一四号,5337,2186,1828,兄弟川菜(簋街老店),119,73,707,136
曙光西里甲5号院凤凰汇购物中心凤凰商街(凤凰汇购物中心后),5346,4199,815,潮粥荟·潮汕砂锅粥(凤凰汇购物中心店),75,89,211,46
北大街32号枫蓝国际购物中心A座2楼,5358,3405,1348,火炉火分米套餐&芝士排骨(枫蓝国际店),83,83,450,72
阜通西大街望京西园四区412号楼,5361,3399,1421,鲜有基参鸡汤(张师傅望京新城店),45,81,423,64
地安门西大街119号(平安大街前海医院正对面地铁6号线北海北A出口),5363,3261,1114,院落创意菜(地安门店),170,100,499,124
虎坊路甲4号(虎坊桥地铁站c口 湖广会馆、工人俱乐部),5404,4088,926,蝎王府(虎坊桥店),90,89,256,44
蒲黄榆路28号B-C综合楼2楼(近地铁5号线蒲黄榆站C口),5408,2695,1865,香草香草云南原生态火锅(蒲黄榆店),98,107,641,109
东大街20号(近解放军第307医院),5408,4057,779,京味斋烤鸭店(东大街店),161,85,329,82
喜隆多新国际购物中心一层143号,5411,4330,678,木屋烧烤(苹果园店),94,78,250,59
西直门北大街32号枫蓝国际购物中心2层,5415,2870,1684,弄堂里(枫蓝国际购物中心店),150,67,575,136
北太平庄北三环中路40号(近国美),5442,4075,632,福口居(北太平庄店),28,76,220,44
三丰北里2号悠唐购物中心5层,5446,3021,1682,井格老灶火锅(悠唐购物中心店),113,119,512,118
西羊管胡同甲1号御嘉置地1层(近东直门北中街),5449,2995,1774,老井俄式餐厅,60,98,530,90
八角南路金谷证券对面,5454,4301,459,小肥羊(八角南路店),82,85,227,76
南湖南路15号院5号楼1-3层(南湖综合市场向南70米),5459,4132,829,京味斋烤鸭店(望京店),95,83,295,72
复兴门内大街101号百盛购物中心北楼10层,5459,3614,1408,那家小馆(百盛店),60,117,318,59
石景山万达广场步行街三层318号,5476,3309,1532,羲和小馆(石景山万达店),86,108,444,105
王府井大街138号北京apm6层,5485,2615,1845,火炉火(北京apm店),209,96,657,159
"苏州街15号(长远天地大厦斜对面,近八一中学)",5498,2320,1170,白家大院,48,416,290,45
酒仙桥路18号颐堤港1楼50号(将台地铁站),5503,3243,1580,羲和雅苑烤鸭坊(颐堤港店),94,174,482,104
中关村海淀大街34号海置创投大厦,5509,2627,1467,东来顺饭庄(中关村海淀大街店),310,102,766,275
荣华中路8号院华联力宝购物中心4层(地铁亦庄线万源街A口),5515,4538,696,汤城小厨(华联力宝购物中心店),61,86,174,46
朝阳公园路6号蓝色港湾国际商区左岸酒吧街北口,5523,3846,920,大渔铁板烧(蓝色港湾店),210,251,419,128
三丰北里2号悠唐购物中心一期4层,5522,3297,1423,南锣肥猫烤鱼(悠唐店),147,107,533,122
成府路35号东源大厦4楼(近五道口城铁),5542,2784,1779,坦坦大炉(五道口店),168,120,654,144
宜居南路2号楼四元桥家乐福3楼(宜家家居),5551,3783,1337,小吊梨汤(望京店),91,80,295,45
南锣鼓巷108号院内(近过客酒吧),5568,1864,1701,过客(南锣鼓巷店),58,82,674,80
中关村丹棱街甲1号欧美汇购物中心5楼,5568,3937,1007,度小月(欧美汇购物中心店),93,78,444,87
西红门镇福宝巷7号(近西红门政府),5569,3376,1511,十一时蛋糕(西红门店),109,88,484,89
八里庄东里1号莱锦·town项目A区301,5568,4284,889,木屋烧烤(朝阳店),71,73,269,55
宣武门外大街25号,5575,3473,1022,李老爹香辣蟹(宣武门店),183,128,512,144
亮马桥路39号第一上海中心1楼,5592,2669,1628,松子日本料理(亮马桥店),68,155,529,87
朝阳公园路6号蓝色港湾国际商区1F层BS-109号(临近停车场西南出入口西餐街临街第一家新百伦对面，zoocoffee隔壁，新元素对面),5598,3738,1291,So Lounge索兰至餐厅(蓝色港湾店),85,118,402,82
科学院南路双榆树西里10号(当代商城、华星影院、魏公村附近),5596,4619,646,六合顺(双榆树西里店),88,74,197,46
魏公村街民族大学北路8号(近中关村南大街),5606,2779,1970,江边城外烤全鱼(魏公村店),172,81,569,115
西直门外大街1号西环广场凯德MALL购物中心5楼(地坛2、4、13号线),5626,2673,1861,新辣道鱼火锅(西直门店),171,97,684,161
小月河北岸4号(近花园路职业高中),5628,2600,1516,辣婆婆(元大都店),119,124,449,95
成府路29号五道口国际美食苑2层(近五道口城铁站),5625,2723,1600,流忙村,263,80,836,203
角门北路3号首座绿洲2号楼(近天山支路),5636,4520,652,京味斋烤鸭店(洋桥店),107,77,265,70
祁家豁子2号院(近健德门桥东),5647,2873,1715,老冯烤羊蝎子馆(北土城店),217,89,675,167
南三环东路甲8号(刘家窑环岛东南角),5644,2654,1436,蟹老宋香锅(方庄店),207,111,803,208
妫水北街39号B座二层(环球新意百货附近),647,354,162,好伦哥(延庆店),31,50,79,21
欣宁街15号荟聚购物中心3层,5700,2814,1833,边境东南亚小吃(荟聚西红门店),129,76,747,177
望京开发街道河荫中路东5号(查干湖铁锅炖鱼望京分店旁),5698,3859,1333,牛街聚宝源涮肉(望京店),144,104,308,54
万泉河路68号紫金家园9号楼(人大西门南100米),5721,3603,1436,辣尚瘾(人大店),108,72,494,80
复兴门内大街51号民族饭店首层(工商银行总行),5732,3742,1135,唐宫海鲜舫(民族店),141,146,384,104
新中街甲1号(东方银座东行200米第一个红绿灯往南拐弯),5749,3181,1768,老街兔盐帮菜,167,116,513,120
龙湖·长楹天街购物中心东区4层16-17号(地铁六号线常营站e口出),5752,4420,853,水木锦堂铁板烧自助餐厅(长楹天街店),82,213,306,91
光华路金台里2号温特莱中心路北(汉庭酒店一层底商),5767,4159,1042,仙桐吉宴 铁板烧·精致料理,103,226,346,117
双榆树东里15号北京一零一中学双榆树校区门口南侧,5786,4310,1151,重八牛府(之初入江湖店),42,90,240,43
北京市复兴路12号恩菲科技大厦,5793,4149,1004,肯德基(羊坊店),107,28,423,103
"苏州街29号(海淀桥南面,白家大院北侧)",5798,4392,954,汤城小厨(苏州街店),120,92,256,76
北太平庄路25号豪威大厦B座二层(北太平庄桥往北100米路西),5805,4547,892,第六季自助餐厅(北太平庄店),109,249,208,49
东三环北路乙2号海南航空大厦B1楼,5829,3843,1388,西贝莜面村(三元桥店),80,85,440,78
远大路1号金源时代购物中心五层5-17号(公交站远大路东口站下),5832,2995,1538,金源福城肥牛火锅(远大路金源店),136,85,561,117
月坛南街30号万方西单商场3楼(近三里河东路),5846,4112,962,京味斋烤鸭店(月坛店),150,70,386,122
中关村丹棱街甲1号欧美汇购物中心F5-02,5851,3559,1454,新辣道鱼火锅(欧美汇店),163,94,551,124
花园路中城写字楼2层,5874,2934,1847,小牛海记潮汕牛肉店(牡丹园店),145,106,819,129
三元桥曙光西里甲6号院时间国际9号楼1层19室,5869,4455,1009,硬货海鲜饭(创始店),67,113,271,67
三丰北里2号悠唐购物中心5层,5884,3753,1628,将太无二(悠唐购物中心店),52,143,381,70
紫竹院路80号(香格里拉饭店对面),5899,3541,1557,范家小馆·烤鸭馆-十里竹风(紫竹店),180,79,458,104
成府路29号五道口国际美食苑2楼(近华联商厦，北京农村商业银行隔壁),5901,2021,2376,日昌餐馆(五道口店),269,77,1004,231
东四环中路58号远洋未来汇C座2层,5916,3734,1505,南京大牌档(慈云寺远洋店),115,65,470,92
广安门内大街6号枫桦豪景西配楼(菜市口路口),5925,3499,1130,戈拿旺巴西烤肉(菜市口直营店),105,93,394,90
后沙峪镇（速8酒店西）裕民大街32号,5953,4212,1341,小吊梨汤(后沙峪店),63,92,289,48
东长安街1号东方新天地地铁楼层,5956,4476,954,汤城小厨(东方新天地店),117,94,335,74
地安门外大街前海东沿14号(近银锭桥),5974,1534,1665,聚德华天烤肉季(什刹海总店),111,118,892,175
西三环中路新兴桥东北角(新兴宾馆对面),5978,3301,1916,四川仁火锅(新兴桥店),71,96,587,103
王府井大街88号北京王府井银泰in884楼,5978,3834,1479,舌尖记忆(王府井银泰in88店),101,71,462,102
建国路91号金地中心C座3层-L310,5956,4037,1404,伊豆野菜村(金地中心店),131,149,322,62
金城坊街2号金融街购物中心1期B1层,5983,4308,1140,星怡会(金融街购物中心店),108,114,340,87
颐和园路8号畅春园美食街A20A号(海淀桥北东家全味海淀体育馆),5983,3522,1740,小吊梨汤(畅春园店),115,83,520,86
湖光北街南湖东园201号楼中福百货5楼(近南湖北路),5987,3489,1780,紫霞门韩国料理,125,142,461,108
清河中街68号华润五彩城购物中心东区5层,5984,3545,1416,院落创意菜(五彩城店),213,92,623,187
簋街东直门内大街199-201号,6014,4703,749,辣莊重庆老火锅(簋街店),154,128,308,100
五道营胡同2号(雍和宫5号线G口出),6052,4267,1274,京兆尹,85,590,341,84
柴家湾11号(红庙路口东),6051,2997,1703,蟹老宋香锅(红庙店),209,101,875,218
旧宫镇旧宫二村三台山路16号(亦庄桥北侧),6070,4294,1090,西贝莜面村(亦庄店),60,103,300,53
成府路28号五道口购物中心5楼13号(近五道口地铁站),6076,2557,1737,东来顺饭庄(五道口店),346,128,968,293
王府井大街255号北京市百货大楼北馆6层,6083,3208,1834,海碗居北京菜(百货大楼店),201,74,667,173
朝阳公园6号院蓝色港湾国际商区10号楼L-BS-47(传奇电影院楼上一层),6121,3719,1701,站点比萨(蓝色港湾店),122,87,483,96
巴沟路2号BHGMAII华联万柳购物中心5层,6118,3176,1774,绿茶(华联万柳店),270,70,677,221
首都机场燕翔东路8号(京客隆超市对面),6129,3417,1642,嘉和一品粥(机场天竺店),152,35,779,139
复兴路51号凯德晶品内LG层即一层,6137,2625,2090,表妹香港靓点餐厅(凯德晶品店),245,85,945,232
广顺北大街33号凯德MALL4楼,6143,3685,1743,南京大牌档(望京凯德店),112,69,494,109
金城坊街2号金融街购物中心2期B1层,6149,5286,553,潮堂(金融街购物中心店),66,134,182,62
首都体育馆南路6号新世纪饭店二楼,6150,4066,1188,唐宫海鲜舫(新世纪店),140,131,433,108
雁栖镇长园村318号(雁栖湖),6156,603,1121,北京水岸山吧度假村(雁栖镇店),200,106,648,127
鲁谷路雕塑公园南门台湾街宝岛夜市,6164,4301,1152,木屋烧烤(北京台湾街店),160,78,429,121
望京湖光北街9号(旺角购物广场西北侧),6197,4879,858,木屋烧烤(望京店),94,70,299,67
朝阳北路长楹天街购物中心东区4层,6203,5214,685,汤城小厨(长楹天街购物中心店),88,87,160,56
西直门外大街1号凯德MALL6楼,6218,4394,1189,小城渔家(凯德MALL店),136,94,398,101
新源街18号京客隆北,6222,4943,792,京味斋烤鸭店(新源街店),155,85,261,71
东大桥路9号侨福芳草地购物中心LG2层(胜博殿炸日式猪扒斜对面),6264,2967,2068,博多一幸舍(侨福芳草地购物中心店),161,65,862,206
东打磨厂街7号新活馆1-2楼西南角(祈年大街北口),6273,3503,1943,暹罗泰(新活馆店),114,179,587,125
东直门南大街1号来福士5层(地铁东直门站D出口),6276,2566,2407,太兴餐厅(来福士店),186,89,933,177
中关村大街19号新中关购物中心3楼,6277,3148,1940,炉鱼(新中关购物中心店),353,81,649,187
建国路87号北京SKPD区6层D6001号,6295,4162,982,鼎泰丰(SKP店),53,147,399,83
复兴路51号凯德晶品购物中心5层(近万寿路地铁站),6307,4161,1583,羲和同乐烤鸭坊(万寿路店),57,143,425,81
海淀南路26号1号楼附近(近地铁10号线苏州街B口),6314,3452,1265,坪亭·铁板烧自助餐厅(中关村店),188,231,487,152
西大望路1号温特莱中心A座2楼(光华路口),6345,2488,2372,绿茶(光华店),276,72,1011,197
北四环东路118号西藏大厦首层,6357,4568,932,唐宫海鲜舫(西藏大厦店),135,146,330,78
建国门外大街2号北京银泰中心in01A座B1层B27B29号,6384,4946,983,汤城小厨(银泰店),110,92,271,74
西四南大街60号(近缸瓦市),6383,1972,2103,砂锅居(西四店),160,101,827,157
朝阳公园路6号蓝色港湾2层,6404,3386,1846,外婆家(蓝色港湾店),333,61,649,190
东兴隆街56号北京商界2楼西侧(近崇文门新世界),6424,3720,1860,大碗居(商界店),121,76,606,116
前门大街38号(大栅栏东口),6444,1524,1883,都一处烧麦馆(前门店),522,78,1512,426
西直门外大街1号凯德MALL6楼(近北京北站),6450,4642,1235,辣倒兔(凯德MALL店),113,94,380,80
欣宁街15号荟聚购物中心F区3层013号,6485,5377,569,赤坂亭炭火烧肉+日本料理(西红门荟聚购物中心店),181,250,270,88
七圣中街12号院爱琴海购物公园6层(近百盛购物中心),6504,4018,1852,将太无二(爱琴海购物公园店),83,157,475,76
五道口国际食尚苑1楼(康师傅私房牛肉面旁边步行街里面15米),6519,2711,2053,火炉火年糕火锅(五道口店),266,60,1155,334
和平里东街14区(近煤炭大厦),6525,3839,1892,小吊梨汤(和平里店),114,85,573,107
惠新东街9号,6554,3863,1073,新辣道鱼火锅(北京惠新店),78,93,376,69
朝阳北路101号朝阳大悦城9层,6600,3881,1557,火炉火烤肉·芝士排骨(朝阳大悦城店),339,94,642,181
花园路2号(牡丹园翠微大厦北侧，地铁10号线牡丹园站A口出),6600,3004,1933,海碗居北京菜(牡丹园店),133,57,820,165
西单北大街131号西单大悦城7楼(近君太百货),6589,1015,1304,蕉叶(西单大悦城店),1075,134,1344,673
神路街39号(近人寿大厦),6621,4142,1860,小吊梨汤(日坛店),78,88,474,67
东直门外新中街甲3号蜂巢剧场1层,6702,4688,1497,伙伴日式烤肉,116,141,326,75
知春路甲20号(近中国医药大厦),6689,4505,1704,高兴火锅(知春路店),48,104,386,46
复兴路乙12号中铝大厦一层西侧(近军事博物馆),6732,4972,654,小肥羊(军博店),119,90,315,100
西单北大街133号君太百货6楼,6732,4382,1424,雕爷牛腩(君太百货店),168,165,616,142
西单北大街甲131号西单大悦城8层6号(君太百货，汉光百货，西单商场，西单明珠，中国银行总部),6742,3793,1920,一味一诚活鱼现烤才好吃(西单大悦城店),196,89,676,157
高梁桥斜街59号中坤大厦内钟鼎楼食府3楼(近西直门凯德MALL),6744,3247,2131,蓝钻国际美食自助百汇(西直门店),211,133,923,232
交通大学路8号(交大南门东200米),6778,3662,1841,辣尚瘾(交大店),84,75,566,98
西坝河光熙门北里35号楼,6810,2821,1761,蟹老宋香锅(西坝河店),194,97,945,283
丹棱街甲1号欧美汇购物中心6楼(近海淀黄庄),6814,1620,2245,金钱豹(中关村店),672,228,1696,580
朝阳北路101号朝阳大悦城6层,6813,3642,1865,很高兴遇见你(朝阳大悦城店),250,110,830,226
"金宝街21号一层(金宝大厦东侧，金宝汇正门北面进20米,红绿灯路口北面)",6826,5483,914,汤城小厨(金宝街店),62,94,230,48
中关村丹棱街甲1号欧美汇购物中心5楼,6847,2140,2990,港丽餐厅(欧美汇购物中心店),291,111,1195,231
鼓楼东大街225号,6860,4534,1774,火齐潮汕砂锅粥(鼓楼二店),67,78,411,74
七圣中街12号院爱琴海购物公园4层(近地铁13号线光熙门站),6915,3443,2026,外婆家(爱琴海购物公园店),464,59,762,220
北土城西路105号院(地铁健德门A出口),6929,5530,921,木屋烧烤(健德门店),107,73,302,69
花园路2号33号楼翠微百货牡丹美食街2号(翠微商场北门对面),6956,3127,2034,江边城外烤全鱼(牡丹园店),142,83,604,116
阜通东大街6号院方恒购物中心3层,6957,5118,1259,西贝莜面村(方恒购物中心店),102,90,389,88
朝阳北路朝阳大悦城6层,6974,2984,2221,金鼎轩·南北点心专门店(朝阳北路大悦城店),360,61,1110,299
建国路91号金地广场C座3层,7009,3889,2090,将太无二(金地广场店),111,143,620,104
朝阳北路101号朝阳大悦城7层,7012,4022,1435,水货SEAHOOD(朝阳大悦城店),402,114,844,309
慧忠北里111号楼金利大厦(近奥林匹克森林公园),7042,3775,1530,眉州东坡(亚运村店),122,76,443,84
南三环西路16号凯德mall.大峡谷4层(右安南桥东南角，搜宝商务中心西侧),7056,5738,875,汤城小厨(凯德mall大峡谷店),123,90,240,80
酒仙桥北路2号(近798艺术区北门),7062,4047,2137,那家小馆(酒仙桥店),158,131,597,123
大屯路甲2号院南沙滩小区37号楼1607室,7067,4135,1367,大鸭梨烤鸭店(亚运村店),349,78,753,249
中关村大街19号(新中关购物中心2层),7089,5013,1493,纽约客美式餐厅(新中关店),77,122,431,75
崇文门外大街3-5号新世界百货青春馆3层,7084,2483,2145,便宜坊烤鸭店(新世界店),233,120,897,222
霄云桥外芳园西路6号(近丽都花园南门),7076,4166,1713,梧桐,68,347,435,72
蒲黄榆路28号(5号线蒲黄榆地铁C口旁),7104,5154,1275,木屋烧烤(方庄店),140,79,433,102
东三环长虹桥东南(兆龙饭店东门对面),7114,1893,1537,大董(团结湖店),115,292,519,108
牡丹园甲2号院 同观商业楼1层(近翠微百货向北500米),7160,4881,1242,金百万烤鸭店(牡丹园店),343,73,524,170
鼓楼大街3号燕赛奥特莱斯商场3层,494,279,109,好伦哥(密云燕赛奥特莱斯店),17,51,68,21
清河中街68号华润五彩城购物中心东区6层,7170,4277,2019,将太无二(五彩城店),194,144,555,125
工人体育场12号看台对面(近工体东门，富国海底世界),7192,4144,1951,有璟阁港式餐厅(三里屯店),172,114,536,114
利泽西园314号楼底商(望馨商业中心对面),7208,6375,549,HI辣火锅(望京店),74,127,157,53
西直门外大街1号凯德MALL2楼,7209,4716,1491,汤城小厨(西直门凯德店),221,87,593,188
和平里西街21号北京商报2层(天丰利商场旁),7210,5203,1598,四季民福烤鸭店(和平里店),73,140,284,52
东三环北路27号嘉铭中心B1(康莱德酒店，嘉盛中心，八十中学),7215,4375,2075,tomacado花厨,135,178,533,97
广顺南大街16号院 望京新世界3层,7244,3325,2178,绿茶(望京新世界店),478,68,974,289
王府井大街301号新燕莎金街购物广场7层-MF704,7251,4858,1669,旺顺阁鱼头泡饼(王府井店),113,132,497,114
酒仙桥路18号颐堤港2层(近将台地铁站),7260,4860,1627,潮堂(颐堤港店),90,125,564,119
宣武门外大街8号庄胜崇光百货新馆5F,7268,3932,1142,西堤厚牛排(北京庄胜崇光店),51,156,379,63
白家庄东里甲4号,7286,4428,2135,小吊梨汤(团结湖店),99,90,533,91
工人体育场北路21号永利国际东北角底商(停车场入口处直走到头),7326,4568,2012,一坐一忘丽江主题餐厅(工体店),77,112,571,98
西单明珠商场东门外围横二条1320号(近吉野家),7339,5401,1463,鲍师傅糕点(西单总店),64,36,342,69
王府井大街138号北京apm6楼,7365,4885,1895,速度披萨(北京apm店),75,101,448,62
翠微路12号凯德MALL2层,7368,5443,1424,西贝莜面村(凯德MALL店),63,85,367,71
工体北路13号世茂广场·工三4层(近工体),7369,2889,2281,便宜坊烤鸭店(世茂广场·工三店),682,121,1074,442
前门廊坊二条18号(近前门大街),7379,4828,1868,四季民福烤鸭店(前门廊坊二条店),98,118,493,91
东直门南大街1号北京来福士5层,7396,4799,1588,豆捞坊(来福士店),103,93,588,96
欣宁街15号荟聚购物中心G区3层,7401,4253,1980,金海华·小爱都市情感餐厅(北京荟聚店),166,79,792,210
东四十条23号(公交车站西侧),7488,5148,1798,四季民福烤鸭店(东四十条店),105,145,363,74
西单北大街131号西单大悦城6F-25(近君太百货),7519,2349,2917,鹿港小镇(西单大悦城店),249,98,1635,301
崇文门外大街国瑞购物中心3层,7541,4675,1855,汉口街头(国瑞城店),152,85,673,186
广顺北大街33号广顺北大街33号凯德MALL7层(地铁14号线阜通地铁站A1口出),7556,6398,808,水木锦堂铁板烧·自助(凯德MALL望京店),99,213,191,60
西单北大街133号君太百货B1楼(近西单大悦城),7562,4626,1706,零度空间(君太百货店),225,78,783,222
崇文门外大街18号国瑞购物中心3层,7641,5064,1657,西堤厚牛排(国瑞购物中心店),77,158,537,93
王府井大街帅府园胡同9号,7670,2318,1842,北京全聚德(王府井店),584,200,1164,393
半步桥街14号(近里仁街),7725,4691,2022,局气(南站店),166,95,706,140
王府井大街138号北京apmA区6层609A,7760,4452,2213,先生下厨(北京apm店),155,79,777,163
朝阳北路101号朝阳大悦城7层,7803,5300,1542,度小月(朝阳大悦城店),102,75,691,168
东三环中路18号东环国际大厦3层(位于双井桥东北，晨曦百货对面),7830,4124,2194,东来顺(朝阳双井店),252,106,984,276
大酱坊胡同7号(北京市第二轻工业总公司干部学校旁),7871,5130,1919,丽江庭院之爱在路上(西单店),138,151,546,138
成府路28号五道口购物中心6楼(近五道口电影院),7905,4106,2411,麻小麻辣诱惑(五道口店),132,107,650,124
花园路2号翠微百货北门牡丹园餐饮街(翠微大厦对面),7907,5418,1750,辣尚瘾(牡丹园店),103,71,538,99
五道口国际食尚苑1楼(地铁13号线A口出东行10米步行街左转),7961,3928,2443,金草帽·春川鸡排锅(五道口店),197,60,1099,294
太阳宫中路12号凯德MALL4层(地铁10号线太阳宫站C口出),7979,6384,1058,汤城小厨(凯德MALL太阳宫店),134,90,305,98
北三环西路甲30号双天大厦西南角(双安商场向东200米；联想桥西400米路南),7997,4265,2226,川军本色(双榆树双安店),90,109,620,100
灯市口西街32号东华饭店1楼,8044,5241,2068,四季民福烤鸭店(灯市口店),92,137,375,70
青年路西里3号院10号楼1层(近金凤成祥),8058,5412,1739,玫瑰花园自助烤肉(青年路店),132,76,628,147
朝阳公园路6号蓝色港湾购物中心L-05(朝阳公园北侧),8088,6345,1224,汤城小厨(蓝色港湾店),137,100,306,76
西单北大街176号汉光百货8层(华南大厦),8087,4001,1927,麻小麻辣诱惑(汉光店),191,105,666,185
石景山路万达广场4号楼商业步行街三层(近石景山区政府),8088,5545,1439,麻小麻辣诱惑(万达店),184,103,610,145
崇文门新怡家园商务楼3号楼A座底商(新世界1期后身),8105,6363,1189,潮粥荟· 潮汕砂锅粥(崇文门新世界店),107,88,359,87
东四北大街257号(近张自忠路地铁站D口),8192,4604,2449,起司家甜品·芝士·榴莲·蛋糕(东四店),82,52,904,153
清河中街68号华润五彩城购物中心西区4层,8201,4051,2254,便宜坊(华润五彩城购物中心店),479,113,1076,341
车公庄大街北里1号乌鲁木齐驻京办(五栋大楼北),8305,1941,2704,新疆饭庄,77,76,903,97
东直门内大街288-6号,8329,4289,2607,蛙蛙叫干锅年代(东直门簋街店),223,91,976,234
大屯里312号金泉广场F栋一层(近北苑路),8349,4870,2607,将太无二(金泉广场餐厅),125,145,631,116
武圣路农光里206号(农光里市场对面),8329,6284,1413,木屋烧烤(北京武圣路店),92,72,449,92
欣宁街15号荟聚购物中心H区3层,8359,6615,807,大咀港式茶餐厅(荟聚购物中心西红门店),261,86,508,168
西单北大街110号老佛爷百货5楼(近地铁灵境胡同站),8373,5481,1671,雕爷牛腩(老佛爷百货店),240,160,734,247
东打磨厂街7号新活馆B1楼,8387,5642,1931,西贝莜面村(崇文门店),108,87,598,108
曙光西甲里5号院24号楼凤凰汇购物中心3楼L301-L302号铺,8418,3784,2663,绿茶(凤凰汇店),394,67,1261,316
湖光中街甲6号港旅大厦2层(近教文大酒店),8565,5570,2208,坦坦大炉(望京店),142,122,520,125
王府井大街301号新燕莎金街购物广场7层MF705-706,8575,5229,2335,兔爷(燕莎金街店),109,94,760,142
太阳宫七圣中心12号爱琴海购物中心4层,8623,6981,1135,西贝莜面村(爱琴海购物中心店),82,88,343,82
湖光中街甲6号港旅大厦1层(近南湖南路北口),8623,6018,1966,鲜有基参鸡汤(张师傅望京港旅店),55,90,522,62
工体北路13号世茂广场工三4楼,8671,3363,3050,绿茶(工体店),387,70,1524,347
复兴路51号凯德晶品购物中心LG层13-14号(近costa coffee),8720,4710,2423,绿茶(凯德晶品店),415,68,916,256
望京国际商业中心B座6层(方恒购物中心),8755,7739,707,潮粥荟 ·潮汕砂锅粥(望京旗舰店),78,88,190,41
复兴路69号蓝色港湾购物中心北区6层,8781,6631,1436,关内关外(蓝色港湾店),163,58,457,94
前门大街东侧鲜鱼口老字号餐饮一条街,8787,4318,2740,便宜坊烤鸭(鲜鱼口店),261,130,1146,322
南池子大街11号故宫东门旁,8809,6930,1644,四季民福烤鸭店(故宫店),28,149,175,32
三里屯北路19号三里屯太古里南区B1层,8835,5869,1753,度小月(三里屯店),159,73,864,190
三丰北里2号悠唐购物中心5层,8848,6283,1884,西贝莜面村(悠唐购物中心店),93,94,486,102
鼓楼南大街2号楼3层动感商城3层(原天蓝尾货),164,110,28,福成自助烤肉(密云国泰店),10,58,13,3
欣宁街15号荟聚购物中心E区3层,8954,5575,2151,辛火牛吾牛｜和牛寿喜烧放题(西红门荟聚宜家店),211,94,803,214
"西直门外大街1号西环广场T1,五层21号(近西直门地铁站)",8986,4640,2359,麻小麻辣诱惑(西直门店),130,107,721,110
工体北路66号瑞士公寓西侧地下一层(港澳中心东),9298,4569,3225,将太无二(瑞士公寓餐厅店),119,136,845,132
中关村大街19号新中关大厦4层L429号(地铁10号线黄庄站A2出口),9423,5434,2614,麻小麻辣诱惑(新中关店),132,113,708,125
工体北路13号世茂广场4楼,9429,4646,3349,南京大牌档(三里屯世茂店),159,67,1108,167
阜成路北三街15号6户(近工商大学西校区东门),9457,6336,2406,俄式厨房(尚空间·航天桥店),103,133,510,102
西坝河中里6号(近国展后门),9515,6722,1937,木屋烧烤(北京国展店),133,71,602,121
丹棱街1号欧美汇购物中心4层(中关村大街与丹棱街交口),9639,7136,1690,西贝莜面村(中关村欧美汇店),165,89,517,131
王府井大街301号新燕莎金街购物广场606号,9665,4945,2987,弄堂里(王府井店),284,63,1142,307
西单北大街133号君太百货B1楼,9882,4640,3279,草本工坊(君太百货店),258,93,1391,314
成府路28号5道口购物中心3F(五道口购物中心3层),9903,5724,2232,水木锦堂铁板烧·自助(五道口店),347,189,940,289
亚运村小营东路3号(鸿炜亿家酒店三层),9961,6022,2558,鼎极轩海鲜烤肉自助(小营店),250,80,912,219
永定路66号长峰假日酒店1层(近正大南路),9982,9033,568,苏泰辣椒(长峰店),37,203,135,40
增光路11号(甘家口大厦西北、增光路上),10062,4541,2714,海碗居北京菜(增光路总店),263,64,1014,207
三里屯北小街1号(德国使馆东北角，婕妮路超市旁),10315,4009,2946,一坐一忘丽江主题餐厅(三里屯店),131,95,1037,153
玉渊潭南路普惠南里13号(近凯德MALL翠微路店),10329,5118,2473,基辅罗斯餐厅(翠微店),50,169,543,68
香饵胡同112号(近交道口),10370,7795,1711,HI辣火锅(香饵胡同店),168,127,539,157
东四十条甲22号南新仓商务大厦1-2楼(东四十条桥西南),10396,3137,2470,大董(南新仓店),174,299,727,142
紫竹院南路外文文化创意园(西门进院内),10426,6770,2759,小吊梨汤(白石桥店),132,89,657,108
广顺北大街33号凯德MALL5层,10439,5481,3030,火炉火(凯德MALL店),327,89,1017,245
王府井大街138号北京apmB区5层,10452,7020,1845,度小月(北京apm店),227,71,1078,282
王府井大街255号北京市百货大楼6楼,10514,7454,2416,漫火锅(北京市百货大楼店),63,125,489,92
蒲芳路方庄环岛东,10891,5210,3179,金鼎轩·南北菜(方庄店),247,79,1046,199
苏州街55号名商大厦2楼(近人民大学西门),10931,5476,3434,香草香草云南原生态火锅(人大西门店),110,100,1019,118
东三环南路48号北人大酒店2楼(双井桥南),10964,7708,2206,西贝莜面村(双井店),157,89,735,145
前门大街30号(近前门步行街),11041,3653,2972,北京全聚德(前门店),497,190,1483,399
六里桥北里10号院(京石高速旁),11348,6718,1741,西贝莜面村(六里桥店),116,96,500,101
崇文门外大街3-5号新世界百货综合馆5层,11351,5662,3453,绿茶(崇文门新世界店),474,70,1404,358
德内大街孝友胡同1号(近宋庆龄故居),11424,324,656,九门小吃,300,45,1187,478
王府井大街138号北京apmA区5层509,11595,7212,3139,西贝莜面村(北京apm店),166,91,875,203
东直门内大街235号，簋街西边(北新桥地铁5号线站，地铁站B口出往东走200m路北),11699,4510,3153,花家怡园(四合院总店),218,151,995,214
远大路北京世纪金源购物中心1F金源新燕莎MALL内,11734,5291,3502,金鼎轩·南北点心专门店(远大路金源西区店),349,60,1441,323
前门西大街14号楼(近地铁和平门站、师大附中),11866,3493,2303,全聚德(和平门店),308,204,1032,297
欣宁街15号荟聚西红门购物中心3楼(地铁4号线西红门站A口出),12576,8635,2945,小吊梨汤(大兴宜家店),140,86,713,143
西直门外大街1号嘉茂购物中心.西直门三层L3-21单位,12597,7350,2344,西堤厚牛排(北京西直门店),111,156,788,134
新中街甲3号蜂巢剧场B1层,12649,8417,3141,温野菜日式火锅,197,146,744,150
东升乡马坊村永泰庄北路9号（北五环林萃桥北第四个红绿灯左转）(地铁8号线永泰庄站东北口800米),12743,10215,1936,九十九顶毡房(清河店),128,225,390,70
东直门内大街233号,12761,6021,3930,胡大饭馆(簋街总店),478,150,1618,373
朝阳北路101号朝阳大悦城7层,12820,10143,1633,HI辣火锅(大悦城店),258,134,578,208
西单北大街131号西单大悦城7楼,12893,5390,3061,豆捞坊(西单大悦城店),241,98,1266,240
地安门西大街14号(近北海北门),12982,2861,3700,日昌餐馆(北海总店),359,73,1505,301
太仆寺街21号府右街宾馆1层(近8号苑西单二分店),13016,8343,3323,局气(西单店),195,97,973,182
中关村丹棱街甲1号欧美汇购物中心5层,13099,8144,3702,将太无二(欧美汇购物中心店),156,151,918,179
湖景东路9号新奥购物中心B1(屈臣氏对面),13172,8735,3378,小吊梨汤(新奥店),172,85,776,111
安慧北里逸园金泉广场南,13241,6227,4036,金鼎轩·南北菜(亚运村店),431,80,1488,306
平安里西大街14号(赵登禹路口西南),13441,9880,2685,满恒记火锅,109,84,586,124
朝阳门北大街8号富华大厦A座B1(近东四十条桥),13493,2325,1681,WAFFLEBOY窝夫小子蛋糕法式甜品(朝阳门店),256,78,691,174
朝阳北路107号罗马嘉园会所(朝阳大悦城对面),13753,7277,3859,火宴山自助火锅(大悦城店),371,84,1802,444
阜通东大街6号院方恒购物中心4层,13821,6721,4232,火宴山自助火锅(方恒购物中心店),381,77,1974,513
西牛角胡同1号(近明珠),13831,8351,3587,小杨楼新北京菜馆(西单店),233,68,1339,321
西直门外大街1号凯德MALL购物中心5层,14749,7791,4677,南京大牌档(西直门凯德店),371,64,1579,331
www.21cake.com,14844,6161,2862,21cake,143,114,680,117
东大桥路9号侨福芳草地购物中心LG2层(东大桥地铁站),15029,10442,2690,度小月(侨福芳草地购物中心店),242,73,1317,338
护国寺大街93号(人民剧场对面),15131,3661,4134,护国寺小吃(护国寺总店),267,26,2263,405
西直门外大街135号北京展览馆西侧门,15170,5136,3759,莫斯科餐厅,213,272,1557,320
世纪金源二期居然之家3F,15198,10943,2983,玫瑰花园自助烤肉(金源店),159,75,922,191
建国门外永安里10号(新华保险大厦南侧),15500,5465,4456,那家小馆(永安里店),138,130,1285,151
西单北大街111号西单国际大厦7楼(近辟才胡同),15569,6395,3839,渝信川菜(西单店),156,84,1120,155
西单北大街131号西单大悦城6楼(华威商场对面),15935,4106,5945,港丽餐厅(西单大悦城店),377,106,2418,410
中关村大街15号东方创业谷食宝街1层南侧,16188,7328,6142,南京大牌档(中关村店),345,64,2046,327
建国门内大街贡院西街头条5号(地铁建国门站A口出),17029,2741,3463,川办餐厅,454,77,1488,326
三丰北里2号悠唐购物中心5层,17066,9991,4571,火炉火烤肉·芝士排骨(悠唐购物中心店),411,80,1655,438
朝阳门外大街蓝岛大厦6层,17172,14675,1424,满福楼,38,118,268,27
牛街西里商业1号楼5-2号(清真超市旁),17672,10200,5113,聚宝源(牛街北口店),310,104,1291,193
南锣鼓巷49号(黑芝麻胡同口),19236,3951,5174,文宇奶酪店(南锣鼓巷店),213,16,3413,526
西单北大街109号西西友谊商场七层(西单商场对面),19882,4762,3045,海底捞火锅(西单店),80,97,550,61
花园东路2号,24862,7303,4773,海底捞火锅(牡丹园店),96,76,915,93
朝阳公园路6号(蓝色港湾国际商区1号楼L-DS-20A，蓝色港湾国际商区-北区),26361,20126,4361,窑啊窑窑炉烧烤(蓝色港湾店),275,105,1293,306
和平里西街地坛南门,27988,11769,7782,金鼎轩·南北菜(地坛店),493,76,2495,379
西单北大街133号太运广场7层,30286,9266,5461,麻小麻辣诱惑(君太店),287,94,1616,249
立汤路186号龙德广场5层,4517,2208,1069,永远爱小海鲜自助烤肉火锅,339,68,657,244
崇文门外大街40号搜秀购物广场4层,4464,2583,1228,玛喜达韩国年糕料理(搜秀购物广场店),57,56,498,98
复兴路万寿路凯德晶品购物中心409,4475,1930,1435,太兴餐厅(万寿路分店),222,94,692,196
松榆北路5号(潘家园桥东北侧，金利大厦底商),4482,3465,701,蝎王府(潘家园店),57,84,207,52
前海东沿10号,4484,2005,1592,云海肴云南菜(后海店),109,84,643,116
朝阳门外大街18号丰联广场4层,4490,2714,1152,唐宫海鲜舫(丰联广场店),114,166,406,104
建国门内大街18号恒基中心2层,4492,2675,986,金百万烤鸭店(恒基中心店),245,79,446,140
小菊儿胡同77号(近南锣鼓巷),4494,1737,1822,铃木食堂(小菊儿胡同店),103,72,710,121
马家堡西路15号时代风帆大厦北侧商用楼4楼(地铁四号线角门车站),4497,2594,1147,金百万烤鸭店(马家堡店),157,69,465,134
朝阳北路101号朝阳大悦城7层,4498,2604,1269,云海肴云南菜(朝阳大悦城店),112,96,414,99
劲松中街208号(京客隆对面),4506,1554,1313,眉州东坡(劲松店),91,73,456,71
金汇路8号世界城商业街星美影城一层大堂内(世贸天阶北侧),4510,2167,1544,湄南河泰厨(世界城店),89,117,583,127
远大路1号金源时代购物中心5层29号,4515,2146,1391,孔乙己(世纪金源店),199,106,611,168
中关村大街59号中国人民大学南区食堂集天餐厅(教学三楼后侧),4456,3036,846,集天餐厅(人大店),62,44,284,33
鼓楼东大街206号(近南锣鼓巷、什刹海、起司家、南锣肥猫、辛火、芝士青年),4385,2497,1313,火齐潮汕砂锅粥(鼓楼一店),78,72,418,79
北四环中路27号盘古大观酒店2楼(奥运村水立方西),4387,2053,1494,盘古七星酒店自助餐厅,124,586,559,141
朝阳门内大街79号-2(朝阳门环岛西侧100米北),4351,2049,1444,东四民芳餐厅(朝阳门总店),68,84,455,73
西三环中路11号中央电视塔内,4270,1966,1134,中央电视塔空中观景旋转餐厅,147,269,585,140
首体南路甲20号(近紫竹院路、白石新桥西南、紫竹院公园东南),4132,2271,895,正院大宅门(首体店),127,227,355,107
七圣路甲7号爱琴海购物中心4层(西坝河百盛购物旁边),4093,1854,1199,黄记煌三汁焖锅(爱琴海购物中心店),191,101,652,197
东直门内大街277号(北新桥地铁站B口出站即是),3995,2041,1281,兰溪小馆(东直门簋街店),81,100,457,135
中关村大街19号新中关大厦L412,3935,3635,209,玛雅铁板烧餐厅(中关村店),11,128,66,14
小黄庄北街环贸新生活斜对面(UME电影院附近),3909,2158,1134,金豆角焖面北京菜(安贞店),77,42,451,89
展春园西路蓟鑫大厦南侧3楼(近北四环，金川宾馆对面),3885,2040,1010,勒是雾都 · 重庆火锅(五道口店),189,95,492,154
三里屯路通盈中心3层,3824,2303,1011,湊湊 火锅·茶憩(三里屯店),136,140,294,80
学堂路清华东门创业大厦1楼110室(清华科技园内),3775,1769,1079,天厨妙香素食馆(五道口店),29,73,317,35
北河沿大街159-2号,3738,2670,859,河沿肉饼 Beijing Pie,11,55,176,22
西四北大街181号(近西四宾馆),3706,871,875,华天延吉餐厅(西四总店),213,39,699,236
欣宁街15号荟聚购物中心H区3层3-03-61-R号,3659,2573,690,西堤厚牛排(北京大兴宜家店),87,163,239,70
广渠门外大街垂杨柳路1号(双井桥西南),3659,2371,816,蝎王府(垂杨柳店),72,94,283,45
知春路大运村公寓旁，知春路地铁F出口（10号线13号线）对面(近口福居),3670,1747,812,木生火烤研院(知春路店),114,90,570,116
南门仓胡同1号(朝阳门桥西北角军区总院南门东侧),3675,2982,435,炙子革命老北京炙子烤肉(南门仓店),48,86,163,47
新源街45号(华都饭店十字路口往北200米),3680,1851,785,汉拿山(新源里店),84,94,299,81
霄云路18号(京润水上花园别墅北侧100米),3682,1692,921,福楼法餐厅 FLO,60,572,290,67
车公庄南街7天酒店1楼(官园市场西侧),3686,2481,832,三味缘牛蛙火锅(官园店),45,96,279,49
学清路圣熙8号购物中心欢乐汇KTV东侧1楼(近学院路),3690,1960,1098,很久以前羊肉串(学清路店),123,96,403,106
朝阳公园路1号好运街,3691,2757,627,木屋烧烤(好运街店),76,75,180,51
民族大学西路民族大学西门向北100米路东,3692,2093,1095,巴依老爷新疆美食(魏公村店),93,81,333,78
新华西街58号万达广场4层,3699,2083,890,外婆家(万达店),262,64,357,107
东直门内大街209号,3705,2103,1045,很久以前羊肉串(簋街店),100,101,382,75
阜成门外大街2号万通新世界3楼(近阜成门地铁),3710,2642,697,新辣道鱼火锅(阜成门店),38,87,288,45
王府井大街218号(王府井书店美食广场B1楼),3710,2251,1078,辉佐参鸡汤(王府井店),43,89,292,46
建国路93号万达广场17号,3711,1643,1163,草本工坊(万达广场店),88,80,447,86
西单北大街131号西单大悦城负1层B12504号,3712,1866,1258,Playking玩者火焰薄饼(北京西单大悦城店),105,69,410,73
慧忠北里111号楼(近奥林匹克森林公园),3714,2248,1026,双流老妈兔头(慧忠北里店),96,95,293,51
万丰路68号银座和谐广场6层,3699,2596,761,汉巴味德自助餐厅(银座和谐广场店),110,90,179,53
北三环西路甲30号双天大厦2层(近双安商场东侧),3730,1548,1032,摸错门牛肚王(双安店),103,85,371,77
育知东路回龙观龙腾苑六区10号楼,3737,1762,899,大鸭梨烤鸭店(回龙观店),239,80,537,186
朝阳公园路6号蓝色港湾国际商区L-DS-03号(星巴克旁边),3734,2142,909,南小馆(蓝港店),141,81,419,123
东直门内大街218号(总店向东80米路对面),3700,2740,655,胡大饭馆(簋街五店),86,143,169,50
地安门外大街方砖厂胡同6号院(近南锣鼓巷、鼓楼),3736,2942,472,老奶奶创业厨房(方砖厂总店),63,71,186,73
建功北里13号楼(近青年餐厅南菜园店),3733,2127,1044,串族烧烤(南菜园店),86,73,372,74
新源南路1号都汇天地B1层(燕莎桥西北角),3744,3053,494,汤城小厨(都汇天地店),55,93,117,25
文昌胡同42号(地铁西单站J2西口出，直行),3752,2368,1024,真地道京味府(西单店),51,87,252,57
王庄路18号(西郊宾馆旁),3756,1710,728,熊家城韩国餐厅(五道口店),81,69,314,68
崇文门外大街3-5号新世界百货综合馆5层,3752,2612,690,院落创意菜(新世界百货崇文店),114,92,262,74
北三环西路47号院乙10-6号,3765,2397,811,维尔纳斯蛋糕(中关村店),114,98,347,96
魏公村5号(理工大厦向南300米),3764,1415,1000,好伦哥精品店(魏公村餐厅),84,62,651,142
芳园西路6号,3766,2263,1023,罗兰湖餐厅,52,205,300,60
金汇路9号 世界城D座1层(近世贸天阶),3766,1840,1218,星期五餐厅(世界城店),113,168,492,103
G6国道辅路小营桥红绿灯向北300米岔路内西三旗派出所旁,3751,2548,877,汕头八合里海记牛肉店(清河店),109,122,169,48
赵登禹路前帽胡同14号,3771,1998,1203,丽江龙记斑鱼庄(新街口店),87,109,395,88
龙翔路甲1号健翔桥市场二层,3768,2742,738,玫瑰花园自助烤肉(龙翔路店),47,72,208,33
王府井步行街澳门中心3楼apm东面,3774,2205,1028,花家怡园(八爷府王府井店),109,194,320,112
西单北大街109号婚庆大楼7楼,3781,1582,969,黄记煌三汁焖锅(西单店),142,85,521,130
黄平路物美超市3楼,3785,2712,808,匹夫涮肉城(西三旗店),31,99,190,44
中关村大街15-3号(近海淀中街),3780,1925,1141,羲和雅苑烤鸭坊(中关村店),50,194,339,47
曙光西里甲5号院24号楼北京凤凰汇购物中心3楼,3788,1832,1012,饭前饭后(凤凰汇店),188,98,585,171
东三环南路58号富顿中心B座2楼(地铁10号线劲松站B口出京客隆超市劲松店旁),3787,1310,962,富丽客巴西烤肉(劲松店),227,71,627,196
金汇路8-9号世界城商业街8号(近世贸天阶),3788,1874,1229,青柠泰餐厅(世界城店),71,103,490,124
方庄蒲方路1号(贵友大厦对面),3794,2783,533,禾绿回转寿司(方庄店),53,95,279,62
复兴门内大街101号百盛购物中心南楼7层,3798,1024,1025,渝乡人家(复兴门百盛店),121,84,571,106
东三环南路42号(双井桥东南),3802,1701,1073,石器时代串吧(双井店),152,83,537,147
东柏街10号院 时代国际5号楼底商(三环外过双井桥辅路往北第一个路口往东),3792,2339,977,李嘉嘉串串香(双井店),82,99,304,90
北洼路4号苏宁电器一至四层,3805,2363,1074,海底捞火锅(紫竹桥店),40,112,217,30
地安门东大街56-1号(南锣鼓巷南口),3814,2687,806,北门涮肉(南锣鼓巷),57,96,223,41
姚家园路团结湖东里1号楼,3821,1706,974,眉州东坡(团结湖店),79,68,406,76
欣宁街15号荟聚购物中心H区3层5-03-115-R-B号,3831,2966,547,汉拿山(大兴宜家店),107,97,166,45
东三环中路59号富力双子座A座1楼,3824,2343,1025,四世同堂(双井店),77,115,317,62
西单北大街131号西单大悦城5楼,3844,2768,485,南小馆(西单大悦城店),196,82,287,108
崇文门外大街40号搜秀购物广场4层(羊市口),3846,2557,863,小牛牛韩式水煎肉(搜秀购物广场店),83,83,269,74
工体北路11号(三里屯京客隆超市北侧),3847,3051,489,檀岛香港茶餐厅(三里屯店),50,80,217,40
复兴路51号凯德晶品购物中心5楼(近万寿路),3850,2261,919,松本楼日式烧肉(凯德晶品购物中心店),181,276,361,128
南官房胡同1号什刹海茶艺酒吧街(银锭桥南),3849,1834,1289,宏源南门涮肉(前海店),29,94,291,32
南锣鼓巷小菊儿胡同69号(胡同口触礁酒吧、丹宁海对面),3850,2059,1194,芝士蜜瑞士芝士火锅餐厅(小菊儿胡同店),64,90,445,88
广顺南大街东升旺和综合市场门面房,3860,2540,968,火齐潮汕砂锅粥(望京店),70,77,245,37
五棵松金沟河路19号，玉泉路与永定路中间(田村附近),3874,2141,893,金百万烤鸭店(万城店),126,74,346,118
东直门内大街15-2号(九号大酒楼西),3875,2001,1300,江边城外烤全鱼(簋街店),117,74,381,76
清河中街68号华润五彩城购物中心东区6层,3877,2938,537,权金城(五彩城店),104,102,230,68
望京酒仙桥798艺术区797路工美楼,3886,2288,1102,ebeecake蛋糕(小蜜蜂蛋糕),75,142,310,56
西三环北路25-2号(近紫竹桥北路),3891,3193,399,东来顺饭庄(紫竹桥店),64,108,177,57
东直门外大街48号东方银座商场2层,3898,2784,832,西贝莜面村(东直门东方银座店),38,86,191,53
崇文门外大街3-5号新世界百货综合馆2层,3901,1769,1297,避风塘(崇文门新世界店),154,85,569,112
双榆树西里双榆树三街3号,3906,1665,1303,印巷小馆(双榆树店),177,89,585,176
三丰北里2号悠唐购物中心5层,3912,2468,1027,韩时烤肉(悠唐购物中心店),55,87,290,72
西单北大街131号西单大悦城6楼3号商铺(近君太百货),3910,817,1214,米斯特比萨(西单大悦城店),163,88,707,156
朝阳路华堂商场对面,3915,2170,1003,紫光园(十里堡店),85,65,371,92
三里屯北路19号三里屯太古里南区3层S8-31,3915,1577,1369,新元素餐厅(三里屯店),117,135,572,120
翠微路12号凯德MALL2层,3920,2279,1068,汉拿山(凯德MALL店),88,98,392,93
阜通西大街11号合生·麒麟新天地1栋1层AF101室,3922,2270,1203,WARAWARA(总店),80,114,300,69
八里庄北里1号楼2层(地铁6号线-十里堡站B口路西向北20米),3924,2192,1067,牛和牛韩式烤肉,143,87,402,120
和平街13区4号楼一层(煤炭大厦北200米),3926,3159,499,木屋烧烤(和平里店),60,73,171,37
牛街11号(礼拜寺斜对面),3930,1936,1174,老诚伊(牛街总店),182,72,441,106
成府路28号五道口购物中心5层,3932,2027,969,零度空间(五道口店),205,79,558,173
荣华中路8号院1号楼北京华联购物中心3层-28A室,3932,3085,531,小城渔家烤全鱼(华联力宝购物中心店),68,92,194,54
赵公口光彩慧时欣园10号楼(光彩体育馆，地铁10号C口),3923,2615,744,大鸭梨烤鸭店(光彩路店),106,86,325,73
蓝色港湾6号国际商区1号楼L-DS-17B,3929,2768,706,雕爷牛腩(蓝色港湾店),116,167,262,77
东四北大街东四九条63号(近地铁张自忠路站D口),3939,1610,1135,炒豆合作社,66,77,414,72
东兴隆街56号北京商界2楼(近崇文门新世界),3947,2241,1060,戈拿旺巴西烤肉(崇文门店),88,96,476,81
酒仙桥路18号颐堤港2层(近望京 丽都 798艺术区),3941,2052,1248,中8楼(颐堤港店),117,97,413,111
内务部街1号,3951,2743,882,丽江庭院之午后阳光(朝内店),61,158,212,53
雅宝路10号凯威大厦1楼,3951,3176,412,苏泰辣椒(雅宝路店),21,193,108,23
朝阳北路101号朝阳大悦城6层,3950,2302,1195,MIU秘团(朝阳大悦城店),68,126,325,60
三里屯北路19号三里屯太古里南区3层S2-30,3952,1609,1607,bluefrog蓝蛙(三里屯太古里店),81,159,504,100
西便门内大街85号金色夏日酒店内(广安门中医医院东门),3953,2602,992,四世同堂(西便门店),83,106,237,39
成府路29号五道口国际美食苑2层,3956,1774,1122,明洞排骨,257,76,599,204
北新桥石雀胡同28号(地铁北新桥站C口),3960,1738,1423,祖母的厨房(石雀胡同店),61,104,543,139
西坝河中街6号楼底商(近木屋烧烤),3960,2530,1086,火齐潮汕砂锅粥(国展店),51,74,235,58
西四环定慧寺桥阜成路111号(新开元大酒店旁),3960,3075,538,木屋烧烤(阜成路店),85,73,196,66
望京街望京利星行广场奔驰展厅裙楼2楼(望京奔驰大厦二层，近阜通东大街),3964,2617,1050,Pakpak喜悦泰(望京店),48,124,198,51
长楹天街购物中心西区5层(近地铁6号线常营站),3966,2638,855,串亭(长楹天街购物中心店),99,102,290,84
朝阳北路101号朝阳大悦城6层,3982,2027,1162,一麻一辣(朝阳大悦城店),140,83,523,130
华远街9号置地星座D座地下-1层(西单大悦城后),3982,2197,906,文府大厨,146,298,338,114
5道营胡同64号(安定门桥东南角),3988,1675,1461,藏红花西餐厅,102,266,555,117
朝阳北路长楹天街购物中心西区4层,3988,3398,306,赤坂亭炭火烧肉+日本料理(长楹天街购物中心店),85,238,138,61
东直门内大街5号,3989,1993,1143,东兴楼饭庄(东直门店),84,134,387,92
科学院南路2号 融科资讯中心C座北楼1-2层(近中科院物理所),3991,1617,1037,苏浙汇(中关村店),157,212,343,106
东直门东方银座b1-06,3995,1855,1072,汉拿山(东直门东方银座店),164,88,717,167
三里屯北路19号三里屯太古里南区1层S9-19,3999,1335,1475,皇后饼店(三里屯店),171,69,806,212
建国路91号金地广场C座3层,4000,2294,1221,云海肴云南菜(金地广场店),54,93,366,65
石景山路乙18号万达广场3层,3984,3344,428,玛雅铁板烧餐厅(万达广场石景山店),49,126,129,34
欣宁街15号荟聚购物中心H区3层,4001,2893,666,热辣壹号(荟聚购物中心西红门店),70,120,293,79
万泉河桥辅路往北200米左右路东(麦德龙马路正对面),4007,2665,648,泰合院(万泉河店),68,160,197,61
万丰路302号(华堂商场七里庄地铁站北行350米路西),4005,2739,896,初色海鲜自助火锅(七里庄店),122,283,209,39
永定路97号(航天长峰假日酒店对面),4011,3122,697,鲍师傅糕点(永定路7店),26,35,142,24
大屯路安慧北里逸园17号(近金鼎轩),4019,2495,1106,站点比萨(亚运村餐厅),67,82,288,63
芳星路芳星园二区19号楼1号平台(近群星路),4019,2391,1180,大碗居(方庄店),65,68,325,58
荣华中路8号院华联力宝购物中心4层,4017,2654,982,将太无二(华联力宝购物中心店),63,140,253,65
朝阳北路长楹天街购物中心西区4层,4020,2801,830,西贝莜面村(长楹天街购物中心店),95,89,224,70
赵登禹路甲2号四号线地铁新街口站B出口处(地铁4号线新街口站路口东南角),4032,2466,1167,门框胡同百年卤煮(新街口店),43,39,304,52
朝阳北路常营地铁站F出口右侧龙湖长楹天街购物中心东区4楼(溜冰场东侧),4037,3023,643,山城辣妹子重庆火锅(长楹天街购物中心店),109,102,200,62
魏公村民族大学北路18号－1(金孔雀德宏傣味餐馆),4040,1571,1365,眉州东坡(魏公村店),98,75,446,76
将台西路19号院3号楼110/111/119/120室,4036,2489,1013,火炉空间,130,95,325,79
酒仙桥路18号颐堤港2层,4054,1793,1276,太兴餐厅(颐堤港店),286,97,513,186
惠新东街19号(惠侨饭店南),4054,1452,1230,太熟悉家常菜(惠新店),158,75,600,144
松榆南路36号,4056,2018,1075,海碗居北京菜(松榆里店),94,65,432,76
翠微路12号新华联商业大厦凯德MALL购物中心4层(普惠北里),4074,2550,1006,锅们·可涮菜的干锅(凯德MALL店),80,82,364,74
金宝街88号金宝汇购物中心一期5层,4079,2101,1312,大董(金宝汇店),136,366,379,69
双井双花园南里3区24号楼底商，邻近华夏银行,4080,2679,1022,本家韩国料理(双井店),59,127,266,54
京密路东辛店大望京村1号(近五元桥辅路),4086,1606,1194,望京一号,193,90,571,149
西直门外大街1号凯德MALL4楼(近西直门地铁站),4080,1366,932,川成元麻辣香锅(凯德MALL西直门店),201,83,572,172
东三环中路65号富力广场北区9层,4100,1990,1120,多佐多国精致料理(富力广场店),188,298,454,175
安立路78号中奥马哥孛罗大酒店B1层,4092,2227,1322,松子日本料理(奥运村店),74,186,389,80
崇文门外大街18号国瑞购物中心G楼,4101,1739,1203,川成元麻辣香锅(国瑞购物中心店),177,86,660,168
北三环西路甲60号(苏州桥东南角),4105,1568,1053,江织田日本料理(苏州桥店),102,141,532,134
魏公村民族大学北路1号楼1楼(韦伯豪家园小区南门对面),4107,1383,1247,金孔雀德宏傣味餐馆,53,73,501,83
崇文门外大街3-5号新世界百货青春馆1-2层,4114,2115,1276,汉堡王(新世界店),80,34,531,112
清河中街68号华润五彩城购物中心西区4层,4117,2743,894,麻小麻辣诱惑(清河店),137,111,270,73
朝阳北路17号华联购物中心3层,4113,3298,540,旺顺阁鱼头泡饼(常营店),55,131,183,37
永定路西里2号楼底商(北太平路与永定路交叉口西北角),4110,2710,810,猪蹄帮(永定路店),67,84,259,54
花园路甲2号院4号楼,4120,1697,1363,印巷小馆(牡丹园店),186,83,697,177
雍和宫大街88号(北新桥路口),4124,1812,1366,井格老灶火锅(北新桥店),129,113,544,157
朝阳北路常营地铁站F出口右侧长楹天街购物中心东区4楼,4129,2585,986,坦坦大炉(长楹天街店),132,118,350,76
东四北大街343号银地宾馆2楼,4138,2493,1159,大碗居(东四店),70,74,289,42
安苑路1号(奥体东门向东100米路南),4143,1866,1034,旺顺阁鱼头泡饼(奥体店),92,128,386,96
广泽路望京花园小区214号(利泽中街口),4145,2834,742,金百万烤鸭店(望京花园店),150,74,317,102
八角南里14栋底商(地税局旁),4153,2098,1210,安诚居干锅鸭头(八角店),107,68,356,79
鲁谷南路半月园公园西侧(近银河大街),4157,2489,1127,那家小馆(鲁谷南路店),84,120,369,88
大慧寺路18号(近北方交大),4159,2331,948,大鸭梨烤鸭店(大慧寺店),130,74,449,104
三里屯北路19号三里屯太古里南区3层,4159,2104,1345,灰狗.潮泰意.餐厅(三里屯太古里店),96,168,503,111
巴沟路2号BHGMAII华联万柳购物中心4层,4163,1987,1340,黑松白鹿(华联万柳店),216,232,475,145
中关村大街9号邮局北楼3楼(近海龙、鼎好、网通大厦),4164,2504,1212,站点比萨(中关村餐厅),71,81,323,54
光华路9号世贸天阶北街B1层,4160,3186,566,分米鸡(世贸天阶店),71,88,266,71
马家堡西路11号二层,4167,1662,764,海底捞火锅(马家堡西路店),71,112,157,35
广渠路66号院百环家园4号楼底商,4183,2259,1212,长板凳老灶火锅(双井店),132,93,468,113
成府路蓝旗营公交车站旁(北京大学东门东侧),4186,2401,1299,辣尚瘾(五道口店),59,73,357,70
妫水北街与东外大街交叉口大中电器对面,367,208,71,比格比萨(延庆店),15,62,48,11
建国门内大街7号长安大戏院1楼,4202,1961,1134,渝信川菜(长安店),62,83,337,67
远大路1号世纪金源购物中心5楼,4224,1787,1025,东来顺饭庄(世纪金源购物中心店),348,128,691,254
西单北大街131号西单大悦城B2楼(万宁斜对面),4219,2346,1174,池田回转寿司(西单大悦城店),58,58,516,105
角门北路5号,4218,2443,776,大鸭梨烤鸭店(马家堡店),212,79,471,161
鼓楼南大街1号物美大卖场密云鼓楼店1层,146,66,40,吉野家(密云店),7,29,19,6
东直门内大街5-9号(近地铁东直门站),4242,2427,1096,玉林串串香(东直门簋街店),137,106,476,106
朝阳北路常营地铁站E口长楹天街购物中心东区4楼(近常营地铁站),4234,2384,1152,老屋川菜(长楹天街购物中心店),146,78,456,96
朝阳北路101号朝阳大悦城7F-02号,4247,2424,977,串亭(朝阳大悦城店),226,108,461,159
西单北大街130号西单华威大厦8楼29号,4248,2557,988,新辣道鱼火锅(西单华威店),111,104,465,127
知春路29号大学生公寓7-8号楼(大学生公寓往南),4240,1197,1036,口福居老北京涮肉(大运村店),103,73,520,89
南环路10号院1号楼悦荟万科广场6层,4265,2607,1058,一味一诚‖活鱼现烤才好吃!(悦荟万科广场店),142,90,374,84
牡丹园西里16号楼(中兴大厦对面),4293,2350,1191,北平楼(牡丹园店),34,89,371,48
首体南路9号主语国际7号楼2楼(近地铁6号线白石桥南站E口),4298,2302,1326,香草香草云南原生态火锅(车公庄店),96,118,454,120
潘家园桥西北角(北京眼镜城斜对面),4302,2117,966,汉拿山(潘家园店),243,87,541,154
东四北大街249号,4302,2660,933,老诚一锅(东四店),33,81,318,42
安定门外大街2号地坛公园北门东侧,4304,3429,605,北门涮肉(地坛店),39,90,185,37
朝阳门外大街乙6号朝外SOHOB座0125室(距东大桥站约456米),4311,3614,585,MacDore 麦可多尔,15,118,71,26
芳古路芳群园二区12-1号(东方医院西门对面),4320,2263,1340,江边城外烤全鱼(方庄店),139,93,453,125
惠新东街19号(惠侨饭店二层),4332,2834,1018,北平楼(惠新里店),39,89,305,45
丰台区东高地万源西里航天万源广场四层,4332,3318,594,汉拿山(航天万源店),93,86,260,67
北三环安贞西里三区26号浙江大厦裙房2楼(近安贞华联商厦),4336,864,977,张生记(安贞店),150,144,472,119
崇文门外大街3-5号新世界百货综合馆5层,4324,2648,1017,火炉火烤肉·芝士排骨(新世界百货崇文店),162,88,404,93
中关村街道中关村大街40号北当代商城6层,4340,3165,734,热辣壹号(当代店),77,113,268,96
东三环中路65号富力广场北区8层,4342,1997,1274,汉拿山(富力城店),159,95,582,148
东四北大街141号(近如家北新桥店),4348,1616,1639,北新桥卤煮老店,116,36,648,144
成府路35号东源大厦3楼(近轻轨五道口站),4357,2194,1307,首尔798韩国料理地区(五道口东源大厦店),132,87,574,150
小营北路55号(近汉拿山汤泉国际酒店),4363,2494,1247,红柳树,125,86,390,107
好运街1-21号(近蓝色港湾),4363,3508,625,今捞猪肚鸡椰子鸡锅物料理,49,129,161,20
朝阳北路延静里12号(金台路口东侧200米路北，山城辣妹子重庆火锅对面),4364,3114,737,蝎王府(朝阳北路店),104,93,318,91
展春园西路2号蓟鑫大厦一层(五道口华联商厦南),4369,2309,1381,95号酱骨·一块豆腐,187,58,400,92
中关村大街19号新中关购物中心3楼(地铁10号线海淀黄庄站A口旁),4348,2362,1391,鳗鳗的爱(新中关购物中心店),71,88,444,80
成府路28号华联购物中心6楼天台,4370,3791,374,窑啊窑窑炉烧烤(五道口店),68,91,95,42
朝阳北路长楹天街购物中心东区4层,4368,2964,945,南锣肥猫烤鱼(长楹天街购物中心店),85,113,298,76
新中街甲2号(北京市烟草专卖局正对面),4375,2075,1249,旺顺阁鱼头泡饼(东直门店),59,137,420,96
工体北路21号屯三里2层,4374,2699,983,热辣壹号(屯三里店),147,124,433,112
地安门帽儿胡同乙43号(近地安门百货),4363,3244,818,北门涮肉(什刹海店),38,96,213,50
安慧里4区16号(亚运村北四环安慧桥东北角),4374,2188,881,汉拿山(亚运村店),86,89,310,78
三里屯工体东路丙2号中国红街3号楼301室(工人体育场东门对面),4378,2993,973,成都葫芦娃一家人火锅(三里屯店),133,148,232,47
太阳宫中路12号凯德MALL4层,4382,3493,612,窑啊窑窑炉烧烤(凯德MALL太阳宫店),72,93,170,35
北下洼子胡同14号(北锣鼓巷南口400米彝家风情餐厅斜对面),4397,2979,944,猫小院猫主题餐厅(北锣店),84,71,311,79
东大桥路9号侨福芳草地大厦LG2楼(城市超市旁边),4410,2037,1671,胜博殿(芳草地店),66,104,539,97
蓝靛厂世纪城三期老营房路金夕园甲1号2段(老营房路靠近西四环),4408,2930,1109,松子日本料理(世纪城店),57,173,267,45
朝阳北路101号朝阳大悦城7层,4420,3280,680,旺池(朝北大悦城店),94,77,283,83
东直门内大街5号(东直门桥往西150米路北),4431,1603,1256,花家怡园(东直门店),102,139,532,98
崇外大街18号1幢国瑞购物中心(地下一层G-20),4429,2506,1286,新辣道鱼火锅(国瑞购物中心店),121,105,414,102
丰葆路88号院1号楼永旺梦乐城4层468号,4431,3900,356,玛雅铁板烧餐厅(丰台永旺店),34,118,120,21
建国门外大街1号国贸商城南区西楼B1层SB128,4435,2708,1286,羲和雅苑烤鸭坊(国贸商城店),47,166,332,62
西直门外大街1号凯德MALL5楼(近北京北站),4454,1835,943,姑姑宴(凯德MALL西直门店),324,59,912,276
